NSX_MANAGER,SECURITY_GROUP_NAME,MEMBERS
sc2nsxt.cmbu.local,SG-MOAD Migration-LoadGen,"SECURITY_TAG-MOAD Migration-LoadGen,IPSET-MOAD Migration-LoadGen"
10.73.185.131,SG-MOAD Migration-LoadGen,"SECURITY_TAG-MOAD Migration-LoadGen,IPSET-MOAD Migration-LoadGen"
nsx-hybrid.vrni.cmbu.org,SG-MOAD Migration-LoadGen,"SECURITY_TAG-MOAD Migration-LoadGen,IPSET-MOAD Migration-LoadGen"
sc2nsxt.cmbu.local,SG-MOAD Migration-mysql,"SECURITY_TAG-MOAD Migration-mysql,IPSET-MOAD Migration-mysql"
10.73.185.131,SG-MOAD Migration-mysql,"SECURITY_TAG-MOAD Migration-mysql,IPSET-MOAD Migration-mysql"
nsx-hybrid.vrni.cmbu.org,SG-MOAD Migration-mysql,"SECURITY_TAG-MOAD Migration-mysql,IPSET-MOAD Migration-mysql"
sc2nsxt.cmbu.local,SG-DNS Servers-DNS Servers,"SECURITY_TAG-DNS Servers-DNS Servers,IPSET-DNS Servers-DNS Servers"
10.73.185.131,SG-DNS Servers-DNS Servers,"SECURITY_TAG-DNS Servers-DNS Servers,IPSET-DNS Servers-DNS Servers"
nsx-hybrid.vrni.cmbu.org,SG-DNS Servers-DNS Servers,"SECURITY_TAG-DNS Servers-DNS Servers,IPSET-DNS Servers-DNS Servers"
sc2nsxt.cmbu.local,SG-MOAD Migration-frontend,"SECURITY_TAG-MOAD Migration-frontend,IPSET-MOAD Migration-frontend"
10.73.185.131,SG-MOAD Migration-frontend,"SECURITY_TAG-MOAD Migration-frontend,IPSET-MOAD Migration-frontend"
nsx-hybrid.vrni.cmbu.org,SG-MOAD Migration-frontend,"SECURITY_TAG-MOAD Migration-frontend,IPSET-MOAD Migration-frontend"
