NSX_MANAGER,SECURITY_TAG_NAME
10.73.185.131,SECURITY_TAG-MOAD Production Shopping Cart-Web
sc2vc05-vip-nsx-mgmt.cmbu.local,SECURITY_TAG-MOAD Production Shopping Cart-Web
10.94.160.3,SECURITY_TAG-MOAD Production Shopping Cart-Web
SC2nsxt-01.cmbu.local,SECURITY_TAG-MOAD Production Shopping Cart-Web
nsxt.nsxonaci.eng.vmware.com,SECURITY_TAG-MOAD Production Shopping Cart-Web
nsx-us.vrni.cmbu.local,SECURITY_TAG-MOAD Production Shopping Cart-Web
wdcnsx-master.cmbu.local,SECURITY_TAG-MOAD Production Shopping Cart-Web
nsx-hybrid.vrni.cmbu.org,SECURITY_TAG-MOAD Production Shopping Cart-Web
nsx-emea.vrni.cmbu.local,SECURITY_TAG-MOAD Production Shopping Cart-Web
SC2nsxt-01.cmbu.local,SECURITY_TAG-Others_Virtual_Web_TCP_p9000
sc2nsx.cmbu.local,SECURITY_TAG-eCommerce-Global LB
SC2nsxt-01.cmbu.local,SECURITY_TAG-eCommerce-Global LB
10.73.185.131,SECURITY_TAG-DNS Servers-DNS Servers
sc2vc05-vip-nsx-mgmt.cmbu.local,SECURITY_TAG-DNS Servers-DNS Servers
10.94.160.3,SECURITY_TAG-DNS Servers-DNS Servers
SC2nsxt-01.cmbu.local,SECURITY_TAG-DNS Servers-DNS Servers
nsxt.nsxonaci.eng.vmware.com,SECURITY_TAG-DNS Servers-DNS Servers
nsx-us.vrni.cmbu.local,SECURITY_TAG-DNS Servers-DNS Servers
wdcnsx-master.cmbu.local,SECURITY_TAG-DNS Servers-DNS Servers
nsx-hybrid.vrni.cmbu.org,SECURITY_TAG-DNS Servers-DNS Servers
nsx-emea.vrni.cmbu.local,SECURITY_TAG-DNS Servers-DNS Servers
SC2nsxt-01.cmbu.local,SECURITY_TAG-MOAD Production Shopping Cart-DB
sc2nsx.cmbu.local,SECURITY_TAG-MOAD Production Shopping Cart-DB
