NSX_MANAGER,SECURITY_GROUP_NAME,MEMBERS
SC2nsxt-01.cmbu.local,SG-Others_Physical_Web_TCP_p4505,IPSET-Others_Physical_Web_TCP_p4505
SC2nsxt-01.cmbu.local,SG-Others_Physical_Web_TCP_p9000,IPSET-Others_Physical_Web_TCP_p9000
10.73.185.131,SG-MOAD Production Shopping Cart-Web,"SECURITY_TAG-MOAD Production Shopping Cart-Web,IPSET-MOAD Production Shopping Cart-Web"
sc2vc05-vip-nsx-mgmt.cmbu.local,SG-MOAD Production Shopping Cart-Web,"SECURITY_TAG-MOAD Production Shopping Cart-Web,IPSET-MOAD Production Shopping Cart-Web"
10.94.160.3,SG-MOAD Production Shopping Cart-Web,"SECURITY_TAG-MOAD Production Shopping Cart-Web,IPSET-MOAD Production Shopping Cart-Web"
SC2nsxt-01.cmbu.local,SG-MOAD Production Shopping Cart-Web,"SECURITY_TAG-MOAD Production Shopping Cart-Web,IPSET-MOAD Production Shopping Cart-Web"
nsxt.nsxonaci.eng.vmware.com,SG-MOAD Production Shopping Cart-Web,"SECURITY_TAG-MOAD Production Shopping Cart-Web,IPSET-MOAD Production Shopping Cart-Web"
nsx-us.vrni.cmbu.local,SG-MOAD Production Shopping Cart-Web,"SECURITY_TAG-MOAD Production Shopping Cart-Web,IPSET-MOAD Production Shopping Cart-Web"
wdcnsx-master.cmbu.local,SG-MOAD Production Shopping Cart-Web,"SECURITY_TAG-MOAD Production Shopping Cart-Web,IPSET-MOAD Production Shopping Cart-Web"
nsx-hybrid.vrni.cmbu.org,SG-MOAD Production Shopping Cart-Web,"SECURITY_TAG-MOAD Production Shopping Cart-Web,IPSET-MOAD Production Shopping Cart-Web"
nsx-emea.vrni.cmbu.local,SG-MOAD Production Shopping Cart-Web,"SECURITY_TAG-MOAD Production Shopping Cart-Web,IPSET-MOAD Production Shopping Cart-Web"
SC2nsxt-01.cmbu.local,SG-Others_Virtual_Web_TCP_p9000,SECURITY_TAG-Others_Virtual_Web_TCP_p9000
sc2nsx.cmbu.local,SG-eCommerce-Global LB,"SECURITY_TAG-eCommerce-Global LB,IPSET-eCommerce-Global LB"
SC2nsxt-01.cmbu.local,SG-eCommerce-Global LB,"SECURITY_TAG-eCommerce-Global LB,IPSET-eCommerce-Global LB"
10.73.185.131,SG-DNS Servers-DNS Servers,"SECURITY_TAG-DNS Servers-DNS Servers,IPSET-DNS Servers-DNS Servers"
sc2vc05-vip-nsx-mgmt.cmbu.local,SG-DNS Servers-DNS Servers,"SECURITY_TAG-DNS Servers-DNS Servers,IPSET-DNS Servers-DNS Servers"
10.94.160.3,SG-DNS Servers-DNS Servers,"SECURITY_TAG-DNS Servers-DNS Servers,IPSET-DNS Servers-DNS Servers"
SC2nsxt-01.cmbu.local,SG-DNS Servers-DNS Servers,"SECURITY_TAG-DNS Servers-DNS Servers,IPSET-DNS Servers-DNS Servers"
nsxt.nsxonaci.eng.vmware.com,SG-DNS Servers-DNS Servers,"SECURITY_TAG-DNS Servers-DNS Servers,IPSET-DNS Servers-DNS Servers"
nsx-us.vrni.cmbu.local,SG-DNS Servers-DNS Servers,"SECURITY_TAG-DNS Servers-DNS Servers,IPSET-DNS Servers-DNS Servers"
wdcnsx-master.cmbu.local,SG-DNS Servers-DNS Servers,"SECURITY_TAG-DNS Servers-DNS Servers,IPSET-DNS Servers-DNS Servers"
nsx-hybrid.vrni.cmbu.org,SG-DNS Servers-DNS Servers,"SECURITY_TAG-DNS Servers-DNS Servers,IPSET-DNS Servers-DNS Servers"
nsx-emea.vrni.cmbu.local,SG-DNS Servers-DNS Servers,"SECURITY_TAG-DNS Servers-DNS Servers,IPSET-DNS Servers-DNS Servers"
SC2nsxt-01.cmbu.local,SG-MOAD Production Shopping Cart-DB,"SECURITY_TAG-MOAD Production Shopping Cart-DB,IPSET-MOAD Production Shopping Cart-DB"
sc2nsx.cmbu.local,SG-MOAD Production Shopping Cart-DB,"SECURITY_TAG-MOAD Production Shopping Cart-DB,IPSET-MOAD Production Shopping Cart-DB"
