NSX_MANAGER,RULE_NAME
SC2nsxt-01.cmbu.local,FIREWALL_RULE-[MOAD Production Shopping Cart-Web]-[Others_Physical_Web_TCP_p4505]_[TCP]
SC2nsxt-01.cmbu.local,FIREWALL_RULE-[MOAD Production Shopping Cart-Web]-[Others_Physical_Web_TCP_p9000]_[TCP]
SC2nsxt-01.cmbu.local,FIREWALL_RULE-[MOAD Production Shopping Cart-Web]-[Others_Virtual_Web_TCP_p9000]_[TCP]
10.73.185.131,FIREWALL_RULE-[MOAD Production Shopping Cart-Web]-[DNS Servers-DNS Servers]_[UDP]
sc2vc05-vip-nsx-mgmt.cmbu.local,FIREWALL_RULE-[MOAD Production Shopping Cart-Web]-[DNS Servers-DNS Servers]_[UDP]
10.94.160.3,FIREWALL_RULE-[MOAD Production Shopping Cart-Web]-[DNS Servers-DNS Servers]_[UDP]
SC2nsxt-01.cmbu.local,FIREWALL_RULE-[MOAD Production Shopping Cart-Web]-[DNS Servers-DNS Servers]_[UDP]
nsxt.nsxonaci.eng.vmware.com,FIREWALL_RULE-[MOAD Production Shopping Cart-Web]-[DNS Servers-DNS Servers]_[UDP]
nsx-us.vrni.cmbu.local,FIREWALL_RULE-[MOAD Production Shopping Cart-Web]-[DNS Servers-DNS Servers]_[UDP]
wdcnsx-master.cmbu.local,FIREWALL_RULE-[MOAD Production Shopping Cart-Web]-[DNS Servers-DNS Servers]_[UDP]
nsx-hybrid.vrni.cmbu.org,FIREWALL_RULE-[MOAD Production Shopping Cart-Web]-[DNS Servers-DNS Servers]_[UDP]
nsx-emea.vrni.cmbu.local,FIREWALL_RULE-[MOAD Production Shopping Cart-Web]-[DNS Servers-DNS Servers]_[UDP]
sc2nsx.cmbu.local,FIREWALL_RULE-[MOAD Production Shopping Cart-DB]-[eCommerce-Global LB]_[UDP]
SC2nsxt-01.cmbu.local,FIREWALL_RULE-[MOAD Production Shopping Cart-DB]-[eCommerce-Global LB]_[UDP]
