NSX_MANAGER,RULE_NAME
sc2nsxt.cmbu.local,FIREWALL_RULE-[MOAD Migration-LoadGen]-[DNS Servers-DNS Servers]_[UDP]
10.73.185.131,FIREWALL_RULE-[MOAD Migration-LoadGen]-[DNS Servers-DNS Servers]_[UDP]
nsx-hybrid.vrni.cmbu.org,FIREWALL_RULE-[MOAD Migration-LoadGen]-[DNS Servers-DNS Servers]_[UDP]
sc2nsxt.cmbu.local,FIREWALL_RULE-[MOAD Migration-mysql]-[DNS Servers-DNS Servers]_[UDP]
10.73.185.131,FIREWALL_RULE-[MOAD Migration-mysql]-[DNS Servers-DNS Servers]_[UDP]
nsx-hybrid.vrni.cmbu.org,FIREWALL_RULE-[MOAD Migration-mysql]-[DNS Servers-DNS Servers]_[UDP]
sc2nsxt.cmbu.local,FIREWALL_RULE-[MOAD Migration-frontend]-[DNS Servers-DNS Servers]_[UDP]
10.73.185.131,FIREWALL_RULE-[MOAD Migration-frontend]-[DNS Servers-DNS Servers]_[UDP]
nsx-hybrid.vrni.cmbu.org,FIREWALL_RULE-[MOAD Migration-frontend]-[DNS Servers-DNS Servers]_[UDP]
