NSX_MANAGER,SERVICE_NAME
10.73.185.131,SERVICE-UDP-67 [bootps]
sc2vc05-vip-nsx-mgmt.cmbu.local,SERVICE-UDP-67 [bootps]
10.94.160.3,SERVICE-UDP-67 [bootps]
SC2nsxt-01.cmbu.local,SERVICE-UDP-67 [bootps]
nsxt.nsxonaci.eng.vmware.com,SERVICE-UDP-67 [bootps]
nsx-us.vrni.cmbu.local,SERVICE-UDP-67 [bootps]
wdcnsx-master.cmbu.local,SERVICE-UDP-67 [bootps]
nsx-hybrid.vrni.cmbu.org,SERVICE-UDP-67 [bootps]
nsx-emea.vrni.cmbu.local,SERVICE-UDP-67 [bootps]
sc2nsx.cmbu.local,SERVICE-UDP-53 [dns]
SC2nsxt-01.cmbu.local,SERVICE-UDP-53 [dns]
SC2nsxt-01.cmbu.local,SERVICE-TCP-9000
SC2nsxt-01.cmbu.local,SERVICE-TCP-4505
