NSX_MANAGER,SECURITY_TAG_NAME
sc2nsxt.cmbu.local,SECURITY_TAG-MOAD Migration-LoadGen
10.73.185.131,SECURITY_TAG-MOAD Migration-LoadGen
nsx-hybrid.vrni.cmbu.org,SECURITY_TAG-MOAD Migration-LoadGen
sc2nsxt.cmbu.local,SECURITY_TAG-MOAD Migration-mysql
10.73.185.131,SECURITY_TAG-MOAD Migration-mysql
nsx-hybrid.vrni.cmbu.org,SECURITY_TAG-MOAD Migration-mysql
sc2nsxt.cmbu.local,SECURITY_TAG-DNS Servers-DNS Servers
10.73.185.131,SECURITY_TAG-DNS Servers-DNS Servers
nsx-hybrid.vrni.cmbu.org,SECURITY_TAG-DNS Servers-DNS Servers
sc2nsxt.cmbu.local,SECURITY_TAG-MOAD Migration-frontend
10.73.185.131,SECURITY_TAG-MOAD Migration-frontend
nsx-hybrid.vrni.cmbu.org,SECURITY_TAG-MOAD Migration-frontend
