VM-NAME,VM-VENDOR-ID,SECURITY-TAG,VC-MANAGER
loadGen-mcm1797217-192139993517,vm-8054,SECURITY_TAG-MOAD Migration-LoadGen,vc-hybrid.vrni.cmbu.org
loadGen-mcm1795728-192021890610-1643726546434,vm-8044,SECURITY_TAG-MOAD Migration-LoadGen,vc-hybrid.vrni.cmbu.org
loadGen-mcm1796920-192139887527,vm-8051,SECURITY_TAG-MOAD Migration-LoadGen,vc-hybrid.vrni.cmbu.org
mysql-mcm1796811-192139856824,vm-8047,SECURITY_TAG-MOAD Migration-mysql,vc-hybrid.vrni.cmbu.org
mysql-mcm1796876-192158171340,vm-8061,SECURITY_TAG-MOAD Migration-mysql,vc-hybrid.vrni.cmbu.org
mysql-mcm1796817-192139975738,vm-8050,SECURITY_TAG-MOAD Migration-mysql,vc-hybrid.vrni.cmbu.org
mysql-mcm1795727-192021864869-1643726475626,vm-8041,SECURITY_TAG-MOAD Migration-mysql,vc-hybrid.vrni.cmbu.org
sc2infoblox,vm-57,SECURITY_TAG-DNS Servers-DNS Servers,sc2vc03.cmbu.local
cmbu-sc2dc-02,vm-32,SECURITY_TAG-DNS Servers-DNS Servers,sc2vc01.cmbu.local
dc-north,vm-1107,SECURITY_TAG-DNS Servers-DNS Servers,vc-us.vrni.cmbu.local
cmbu-sc2dc-01,vm-31,SECURITY_TAG-DNS Servers-DNS Servers,sc2vc01.cmbu.local
cmbu-wdcdc-01,vm-100,SECURITY_TAG-DNS Servers-DNS Servers,wdcvc01.cmbu.local
cmbu-wdcdc-02,vm-104,SECURITY_TAG-DNS Servers-DNS Servers,wdcvc01.cmbu.local
CMBU-VMCDC-01,vm-51661,SECURITY_TAG-DNS Servers-DNS Servers,10.73.185.196
frontend-mcm1795442-192021879353-1643726512582,vm-8042,SECURITY_TAG-MOAD Migration-frontend,vc-hybrid.vrni.cmbu.org
frontend-mcm1795443-192021879353-1643726475585,vm-8043,SECURITY_TAG-MOAD Migration-frontend,vc-hybrid.vrni.cmbu.org
frontend-mcm1796812-192139878937,vm-8048,SECURITY_TAG-MOAD Migration-frontend,vc-hybrid.vrni.cmbu.org
frontend-mcm1796813-192139878937,vm-8049,SECURITY_TAG-MOAD Migration-frontend,vc-hybrid.vrni.cmbu.org
frontend-mcm1797214-192139983626,vm-8053,SECURITY_TAG-MOAD Migration-frontend,vc-hybrid.vrni.cmbu.org
frontend-mcm1797213-192139983626,vm-8052,SECURITY_TAG-MOAD Migration-frontend,vc-hybrid.vrni.cmbu.org
