VM-NAME,VM-VENDOR-ID,SECURITY-TAG,VC-MANAGER
mcclanahanc-frontend-012642,vm-18360,SECURITY_TAG-MOAD Production Shopping Cart-Web,sc2vc03.cmbu.local
cmbu-sc2dc-01,vm-31,SECURITY_TAG-eCommerce-Global LB,sc2vc01.cmbu.local
fd-vrli03,vm-12480,SECURITY_TAG-Others_Virtual_Web_TCP_p9000,wdcvc01.cmbu.local
dc-2.nsxonaci.eng.vmware.com,vm-70,SECURITY_TAG-DNS Servers-DNS Servers,vc-b.nsxonaci.eng.vmware.com
DND_DNS_Server,vm-263,SECURITY_TAG-DNS Servers-DNS Servers,10.94.160.2
CMBU-VMCDC-01,vm-51661,SECURITY_TAG-DNS Servers-DNS Servers,10.73.185.196
SupervisorControlPlaneVM (12),vm-84040,SECURITY_TAG-DNS Servers-DNS Servers,sc2vc05.cmbu.local
cmbu-wdcdc-02,vm-104,SECURITY_TAG-DNS Servers-DNS Servers,wdcvc01.cmbu.local
nsx-hybrid,vm-46,SECURITY_TAG-DNS Servers-DNS Servers,vc-hybrid.vrni.cmbu.org
sc2infoblox,vm-57,SECURITY_TAG-DNS Servers-DNS Servers,sc2vc03.cmbu.local
wdcinfoblox,vm-4066,SECURITY_TAG-DNS Servers-DNS Servers,vc-emea.vrni.cmbu.local
SupervisorControlPlaneVM (13),vm-87017,SECURITY_TAG-DNS Servers-DNS Servers,sc2vc05.cmbu.local
cmbu-wdcdc-01,vm-100,SECURITY_TAG-DNS Servers-DNS Servers,wdcvc01.cmbu.local
SupervisorControlPlaneVM (11),vm-84039,SECURITY_TAG-DNS Servers-DNS Servers,sc2vc05.cmbu.local
dc-1.nsxonaci.eng.vmware.com,vm-71,SECURITY_TAG-DNS Servers-DNS Servers,vc-b.nsxonaci.eng.vmware.com
vc-hybrid,vm-30,SECURITY_TAG-DNS Servers-DNS Servers,vc-hybrid.vrni.cmbu.org
dc-north,vm-1107,SECURITY_TAG-DNS Servers-DNS Servers,vc-us.vrni.cmbu.local
Shared_Service_VM1,vm-611,SECURITY_TAG-DNS Servers-DNS Servers,10.94.160.2
mcclanahanc-mysql-012641,vm-18358,SECURITY_TAG-MOAD Production Shopping Cart-DB,sc2vc03.cmbu.local
