<?xml version="1.0" encoding="UTF-8" standalone="yes"?><rule disabled="false" logged="false"><name>FIREWALL_RULE-[vRNIDynamicAppA-App]-[Others_Internet]_[TCP]</name><action>allow</action><sectionId>1000</sectionId><appliedToList><appliedTo><name>DISTRIBUTED_FIREWALL</name><value>DISTRIBUTED_FIREWALL</value><type>DISTRIBUTED_FIREWALL</type><isValid>true</isValid></appliedTo></appliedToList><sources excluded="false"><source><name>vRNIDynamicAppA-App</name><value>TO-SET</value><type>SecurityGroup</type><isValid>true</isValid></source></sources><destinations excluded="false"><destination><name>Others_Internet</name><value>TO-SET</value><type>SecurityGroup</type><isValid>true</isValid></destination></destinations><services><service><name>SERVICE-TCP-80 [http]</name><value>application-0</value><type>Application</type><isValid>true</isValid></service><service><name>SERVICE-TCP-443 [https]</name><value>application-0</value><type>Application</type><isValid>true</isValid></service></services></rule>