<?xml version="1.0" encoding="UTF-8" standalone="yes"?><securitygroup><objectId>securitygroup-0</objectId><objectTypeName>SecurityGroup</objectTypeName><revision>0</revision><type><typeName>SecurityGroup</typeName></type><name>SG-Others_Internet</name><description>This is a placeholder security group, update the membership of this security group appropriately.</description><scope><id>globalroot-0</id><objectTypeName>GlobalRoot</objectTypeName><name>Global</name></scope><clientHandle></clientHandle><isUniversal>false</isUniversal><inheritanceAllowed>true</inheritanceAllowed></securitygroup>