<?xml version="1.0" encoding="UTF-8" standalone="yes"?><securitygroup><objectId>securitygroup-0</objectId><objectTypeName>SecurityGroup</objectTypeName><revision>0</revision><type><typeName>SecurityGroup</typeName></type><name>SG-Others_Physical_Web_TCP_p4505</name><scope><id>globalroot-0</id><objectTypeName>GlobalRoot</objectTypeName><name>Global</name></scope><clientHandle></clientHandle><isUniversal>false</isUniversal><inheritanceAllowed>true</inheritanceAllowed><member><objectId>ipset-0</objectId><objectTypeName>IPSet</objectTypeName><revision>0</revision><type><typeName>IPSet</typeName></type><name>IPSET-Others_Physical_Web_TCP_p4505</name></member></securitygroup>