<?xml version="1.0" encoding="UTF-8" standalone="yes"?><rule disabled="false" logged="false"><name>FIREWALL_RULE-[DNS Servers-DNS Servers]-[vRNIDynamicAppD-App2]_[UDP]</name><action>allow</action><sectionId>1000</sectionId><appliedToList><appliedTo><name>DISTRIBUTED_FIREWALL</name><value>DISTRIBUTED_FIREWALL</value><type>DISTRIBUTED_FIREWALL</type><isValid>true</isValid></appliedTo></appliedToList><sources excluded="false"><source><name>DNS Servers-DNS Servers</name><value>TO-SET</value><type>SecurityGroup</type><isValid>true</isValid></source></sources><destinations excluded="false"><destination><name>vRNIDynamicAppD-App2</name><value>TO-SET</value><type>SecurityGroup</type><isValid>true</isValid></destination></destinations><services><service><name>SERVICE-UDP-137 [netbios-ns]</name><value>application-0</value><type>Application</type><isValid>true</isValid></service><service><name>SERVICE-UDP-30000-39999</name><value>application-0</value><type>Application</type><isValid>true</isValid></service><service><name>SERVICE-UDP-40000-49999</name><value>application-0</value><type>Application</type><isValid>true</isValid></service></services></rule>