<?xml version="1.0" encoding="UTF-8" standalone="yes"?><rule disabled="false" logged="false"><name>FIREWALL_RULE-[DNS Servers-DNS Servers]-[vRNIDynamicAppD-App2]_[TCP]</name><action>allow</action><sectionId>1000</sectionId><appliedToList><appliedTo><name>DISTRIBUTED_FIREWALL</name><value>DISTRIBUTED_FIREWALL</value><type>DISTRIBUTED_FIREWALL</type><isValid>true</isValid></appliedTo></appliedToList><sources excluded="false"><source><name>DNS Servers-DNS Servers</name><value>TO-SET</value><type>SecurityGroup</type><isValid>true</isValid></source></sources><destinations excluded="false"><destination><name>vRNIDynamicAppD-App2</name><value>TO-SET</value><type>SecurityGroup</type><isValid>true</isValid></destination></destinations><services><service><name>SERVICE-TCP-21 [ftp]</name><value>application-0</value><type>Application</type><isValid>true</isValid></service><service><name>SERVICE-TCP-25 [smtp]</name><value>application-0</value><type>Application</type><isValid>true</isValid></service><service><name>SERVICE-TCP-79 [finger]</name><value>application-0</value><type>Application</type><isValid>true</isValid></service><service><name>SERVICE-TCP-80 [http]</name><value>application-0</value><type>Application</type><isValid>true</isValid></service><service><name>SERVICE-TCP-88 [kerberos]</name><value>application-0</value><type>Application</type><isValid>true</isValid></service><service><name>SERVICE-TCP-110 [pop3]</name><value>application-0</value><type>Application</type><isValid>true</isValid></service><service><name>SERVICE-TCP-111 [sunrpc]</name><value>application-0</value><type>Application</type><isValid>true</isValid></service><service><name>SERVICE-TCP-515 [printer]</name><value>application-0</value><type>Application</type><isValid>true</isValid></service><service><name>SERVICE-TCP-750 [kerberos-iv]</name><value>application-0</value><type>Application</type><isValid>true</isValid></service><service><name>SERVICE-TCP-1025</name><value>application-0</value><type>Application</type><isValid>true</isValid></service><service><name>SERVICE-TCP-22 [ssh]</name><value>application-0</value><type>Application</type><isValid>true</isValid></service><service><name>SERVICE-TCP-23 [telnet]</name><value>application-0</value><type>Application</type><isValid>true</isValid></service><service><name>SERVICE-TCP-113 [auth]</name><value>application-0</value><type>Application</type><isValid>true</isValid></service><service><name>SERVICE-TCP-135 [epmap]</name><value>application-0</value><type>Application</type><isValid>true</isValid></service><service><name>SERVICE-TCP-137 [netbios-ns]</name><value>application-0</value><type>Application</type><isValid>true</isValid></service><service><name>SERVICE-TCP-139 [netbios-ssn]</name><value>application-0</value><type>Application</type><isValid>true</isValid></service><service><name>SERVICE-TCP-143 [imap]</name><value>application-0</value><type>Application</type><isValid>true</isValid></service><service><name>SERVICE-TCP-443 [https]</name><value>application-0</value><type>Application</type><isValid>true</isValid></service><service><name>SERVICE-TCP-445 [microsoft-ds]</name><value>application-0</value><type>Application</type><isValid>true</isValid></service><service><name>SERVICE-TCP-514 [syslog]</name><value>application-0</value><type>Application</type><isValid>true</isValid></service></services></rule>