<?xml version="1.0" encoding="UTF-8" standalone="yes"?><ipset><objectId>ipset-0</objectId><revision>0</revision><type><typeName>IPSet</typeName></type><name>IPSET-MOAD Migration-frontend</name><scope><id>globalroot-0</id><objectTypeName>GlobalRoot</objectTypeName><name>Global</name></scope><isUniversal>false</isUniversal><value>fe80::250:56ff:fe98:5648,200.200.103.139,200.200.103.41,200.200.103.74,fe80::250:56ff:fe98:b3ef,200.200.103.73,fe80::250:56ff:fe98:6fe2,fe80::250:56ff:fe98:7783</value></ipset>