<?xml version="1.0" encoding="UTF-8" standalone="yes"?><ipset><objectId>ipset-0</objectId><revision>0</revision><type><typeName>IPSet</typeName></type><name>IPSET-Locust-locust-worker</name><scope><id>globalroot-0</id><objectTypeName>GlobalRoot</objectTypeName><name>Global</name></scope><isUniversal>false</isUniversal><value>fe80::250:56ff:fe95:690a,10.196.236.229,10.196.236.228,fe80::250:56ff:fe86:aae3,fe80::250:56ff:feb0:8794,10.72.82.25,fe80::250:56ff:fe86:6365,10.196.164.168,10.196.164.167,fe80::250:56ff:fe95:242f,10.72.82.26,fe80::250:56ff:feb0:5a27</value></ipset>