<?xml version="1.0" encoding="UTF-8" standalone="yes"?><application><objectId>application-0</objectId><objectTypeName>Application</objectTypeName><revision>0</revision><type><typeName>Application</typeName></type><name>SERVICE-UDP-40000-49999</name><scope><id>globalroot-0</id><objectTypeName>GlobalRoot</objectTypeName><name>Global</name></scope><clientHandle></clientHandle><isUniversal>false</isUniversal><inheritanceAllowed>true</inheritanceAllowed><element><applicationProtocol>UDP</applicationProtocol><value>40000-49999</value></element></application>