<?xml version="1.0" encoding="UTF-8" standalone="yes"?><application><objectId>application-0</objectId><objectTypeName>Application</objectTypeName><revision>0</revision><type><typeName>Application</typeName></type><name>SERVICE-TCP-23 [telnet]</name><scope><id>globalroot-0</id><objectTypeName>GlobalRoot</objectTypeName><name>Global</name></scope><clientHandle></clientHandle><isUniversal>false</isUniversal><inheritanceAllowed>true</inheritanceAllowed><element><applicationProtocol>TCP</applicationProtocol><value>23</value></element></application>