<?xml version="1.0" encoding="UTF-8" standalone="yes"?><securitygroup><objectId>securitygroup-0</objectId><objectTypeName>SecurityGroup</objectTypeName><revision>0</revision><type><typeName>SecurityGroup</typeName></type><name>SG-vRNIDynamicAppB-App</name><scope><id>globalroot-0</id><objectTypeName>GlobalRoot</objectTypeName><name>Global</name></scope><clientHandle></clientHandle><isUniversal>false</isUniversal><inheritanceAllowed>true</inheritanceAllowed><member><objectId>securitytag-0</objectId><objectTypeName>SecurityTag</objectTypeName><revision>0</revision><type><typeName>SecurityTag</typeName></type><name>SECURITY_TAG-vRNIDynamicAppB-App</name></member><member><objectId>ipset-0</objectId><objectTypeName>UniversalIPSet</objectTypeName><revision>0</revision><type><typeName>IPSet</typeName></type><name>IPSET-vRNIDynamicAppB-App</name></member></securitygroup>