NSX_MANAGER,SECURITY_GROUP_NAME,MEMBERS
universal,USG-Others_Physical_Web_TCP_p4505,UIPSET-Others_Physical_Web_TCP_p4505
universal,USG-Others_Physical_Web_TCP_p9000,UIPSET-Others_Physical_Web_TCP_p9000
universal,USG-MOAD Production Shopping Cart-Web,UIPSET-MOAD Production Shopping Cart-Web
universal,USG-Others_Virtual_Web_TCP_p9000,null
universal,USG-eCommerce-Global LB,UIPSET-eCommerce-Global LB
universal,USG-DNS Servers-DNS Servers,UIPSET-DNS Servers-DNS Servers
universal,USG-MOAD Production Shopping Cart-DB,UIPSET-MOAD Production Shopping Cart-DB
