VM-NAME,VM-VENDOR-ID,SECURITY-TAG,VC-MANAGER
loadGen-mcm1797217-192139993517,vm-8054,USECURITY_TAG-MOAD Migration-LoadGen,universal
loadGen-mcm1795728-192021890610-1643726546434,vm-8044,USECURITY_TAG-MOAD Migration-LoadGen,universal
loadGen-mcm1796920-192139887527,vm-8051,USECURITY_TAG-MOAD Migration-LoadGen,universal
mysql-mcm1796811-192139856824,vm-8047,USECURITY_TAG-MOAD Migration-mysql,universal
mysql-mcm1796876-192158171340,vm-8061,USECURITY_TAG-MOAD Migration-mysql,universal
mysql-mcm1796817-192139975738,vm-8050,USECURITY_TAG-MOAD Migration-mysql,universal
mysql-mcm1795727-192021864869-1643726475626,vm-8041,USECURITY_TAG-MOAD Migration-mysql,universal
sc2infoblox,vm-57,USECURITY_TAG-DNS Servers-DNS Servers,universal
cmbu-sc2dc-02,vm-32,USECURITY_TAG-DNS Servers-DNS Servers,universal
dc-north,vm-1107,USECURITY_TAG-DNS Servers-DNS Servers,universal
cmbu-sc2dc-01,vm-31,USECURITY_TAG-DNS Servers-DNS Servers,universal
cmbu-wdcdc-01,vm-100,USECURITY_TAG-DNS Servers-DNS Servers,universal
cmbu-wdcdc-02,vm-104,USECURITY_TAG-DNS Servers-DNS Servers,universal
CMBU-VMCDC-01,vm-51661,USECURITY_TAG-DNS Servers-DNS Servers,universal
frontend-mcm1795442-192021879353-1643726512582,vm-8042,USECURITY_TAG-MOAD Migration-frontend,universal
frontend-mcm1795443-192021879353-1643726475585,vm-8043,USECURITY_TAG-MOAD Migration-frontend,universal
frontend-mcm1796812-192139878937,vm-8048,USECURITY_TAG-MOAD Migration-frontend,universal
frontend-mcm1796813-192139878937,vm-8049,USECURITY_TAG-MOAD Migration-frontend,universal
frontend-mcm1797214-192139983626,vm-8053,USECURITY_TAG-MOAD Migration-frontend,universal
frontend-mcm1797213-192139983626,vm-8052,USECURITY_TAG-MOAD Migration-frontend,universal
