VM-NAME,VM-VENDOR-ID,SECURITY-TAG,VC-MANAGER
mcclanahanc-frontend-012642,vm-18360,USECURITY_TAG-MOAD Production Shopping Cart-Web,universal
cmbu-sc2dc-01,vm-31,USECURITY_TAG-eCommerce-Global LB,universal
dc-2.nsxonaci.eng.vmware.com,vm-70,USECURITY_TAG-DNS Servers-DNS Servers,universal
DND_DNS_Server,vm-263,USECURITY_TAG-DNS Servers-DNS Servers,universal
CMBU-VMCDC-01,vm-51661,USECURITY_TAG-DNS Servers-DNS Servers,universal
SupervisorControlPlaneVM (12),vm-84040,USECURITY_TAG-DNS Servers-DNS Servers,universal
cmbu-wdcdc-02,vm-104,USECURITY_TAG-DNS Servers-DNS Servers,universal
nsx-hybrid,vm-46,USECURITY_TAG-DNS Servers-DNS Servers,universal
sc2infoblox,vm-57,USECURITY_TAG-DNS Servers-DNS Servers,universal
wdcinfoblox,vm-4066,USECURITY_TAG-DNS Servers-DNS Servers,universal
SupervisorControlPlaneVM (13),vm-87017,USECURITY_TAG-DNS Servers-DNS Servers,universal
cmbu-wdcdc-01,vm-100,USECURITY_TAG-DNS Servers-DNS Servers,universal
SupervisorControlPlaneVM (11),vm-84039,USECURITY_TAG-DNS Servers-DNS Servers,universal
dc-1.nsxonaci.eng.vmware.com,vm-71,USECURITY_TAG-DNS Servers-DNS Servers,universal
vc-hybrid,vm-30,USECURITY_TAG-DNS Servers-DNS Servers,universal
dc-north,vm-1107,USECURITY_TAG-DNS Servers-DNS Servers,universal
Shared_Service_VM1,vm-611,USECURITY_TAG-DNS Servers-DNS Servers,universal
mcclanahanc-mysql-012641,vm-18358,USECURITY_TAG-MOAD Production Shopping Cart-DB,universal
