<?xml version="1.0" encoding="UTF-8" standalone="yes"?><rule disabled="false" logged="false"><name>UFIREWALL_RULE-[MOAD Production Shopping Cart-Web]-[Others_Physical_Web_TCP_p4505]_[TCP]</name><action>allow</action><sectionId>1000</sectionId><appliedToList><appliedTo><name>DISTRIBUTED_FIREWALL</name><value>DISTRIBUTED_FIREWALL</value><type>DISTRIBUTED_FIREWALL</type><isValid>true</isValid></appliedTo></appliedToList><sources excluded="false"><source><name>MOAD Production Shopping Cart-Web</name><value>TO-SET</value><type>SecurityGroup</type><isValid>true</isValid></source></sources><destinations excluded="false"><destination><name>Others_Physical_Web_TCP_p4505</name><value>TO-SET</value><type>SecurityGroup</type><isValid>true</isValid></destination></destinations><services><service><name>USERVICE-TCP-4505</name><value>application-0</value><type>Application</type><isValid>true</isValid></service></services></rule>