<?xml version="1.0" encoding="UTF-8" standalone="yes"?><application><objectId>application-0</objectId><objectTypeName>Application</objectTypeName><revision>0</revision><type><typeName>Application</typeName></type><name>USERVICE-UDP-53 [dns]</name><scope><id>universalroot-0</id><objectTypeName>UniversalRoot</objectTypeName><name>Universal</name></scope><clientHandle></clientHandle><isUniversal>true</isUniversal><inheritanceAllowed>true</inheritanceAllowed><element><applicationProtocol>UDP</applicationProtocol><value>53</value></element></application>