<?xml version="1.0" encoding="UTF-8" standalone="yes"?><securitygroup><objectId>securitygroup-0</objectId><objectTypeName>SecurityGroup</objectTypeName><revision>0</revision><type><typeName>SecurityGroup</typeName></type><name>USG-Others_Virtual_Web_TCP_p9000</name><description>This is a placeholder security group, update the membership of this security group appropriately.</description><scope><id>universalroot-0</id><objectTypeName>UniversalRoot</objectTypeName><name>Universal</name></scope><clientHandle></clientHandle><isUniversal>true</isUniversal><inheritanceAllowed>true</inheritanceAllowed></securitygroup>