<?xml version="1.0" encoding="UTF-8" standalone="yes"?><securitygroup><objectId>securitygroup-0</objectId><objectTypeName>SecurityGroup</objectTypeName><revision>0</revision><type><typeName>SecurityGroup</typeName></type><name>USG-Others_Physical_Web_TCP_p4505</name><scope><id>universalroot-0</id><objectTypeName>UniversalRoot</objectTypeName><name>Universal</name></scope><clientHandle></clientHandle><isUniversal>true</isUniversal><inheritanceAllowed>true</inheritanceAllowed><member><objectId>ipset-0</objectId><objectTypeName>UniversalIPSet</objectTypeName><revision>0</revision><type><typeName>IPSet</typeName></type><name>UIPSET-Others_Physical_Web_TCP_p4505</name></member></securitygroup>