<?xml version="1.0" encoding="UTF-8" standalone="yes"?><securitygroup><objectId>securitygroup-0</objectId><objectTypeName>SecurityGroup</objectTypeName><revision>0</revision><type><typeName>SecurityGroup</typeName></type><name>USG-MOAD Production Shopping Cart-Web</name><scope><id>universalroot-0</id><objectTypeName>UniversalRoot</objectTypeName><name>Universal</name></scope><clientHandle></clientHandle><isUniversal>true</isUniversal><inheritanceAllowed>true</inheritanceAllowed><member><objectId>ipset-0</objectId><objectTypeName>IPSet</objectTypeName><revision>0</revision><type><typeName>IPSet</typeName></type><name>UIPSET-MOAD Production Shopping Cart-Web</name></member></securitygroup>